"Status","Start Time","Stop Time","Duration in ms","Parent Suite","Suite","Sub Suite","Test Class","Test Method","Name","Description"
"passed","Mon Dec 14 00:15:00 CST 2020","Mon Dec 14 00:15:00 CST 2020","1","","test_calc2","TestCalc2","","","test_sub2[中文int]",""
"passed","Mon Dec 14 00:15:00 CST 2020","Mon Dec 14 00:15:00 CST 2020","1","","test_calc2","TestCalc2","","","test_mul2[minus]",""
"passed","Mon Dec 14 00:15:00 CST 2020","Mon Dec 14 00:15:00 CST 2020","1","","test_calc2","TestCalc2","","","test_mul2[bigint]",""
"passed","Mon Dec 14 00:15:00 CST 2020","Mon Dec 14 00:15:00 CST 2020","0","","test_calc2","TestCalc2","","","test_div2[bigint]",""
"passed","Mon Dec 14 00:15:00 CST 2020","Mon Dec 14 00:15:00 CST 2020","0","","test_calc2","TestCalc2","","","test_sub2[bigint]",""
"passed","Mon Dec 14 00:15:00 CST 2020","Mon Dec 14 00:15:00 CST 2020","0","","test_calc2","TestCalc2","","","test_add2[bigint]",""
"passed","Mon Dec 14 00:15:00 CST 2020","Mon Dec 14 00:15:00 CST 2020","0","","test_calc2","TestCalc2","","","test_sub2[minus]",""
"passed","Mon Dec 14 00:15:00 CST 2020","Mon Dec 14 00:15:00 CST 2020","0","","test_calc2","TestCalc2","","","test_add2[minus]",""
"passed","Mon Dec 14 00:15:00 CST 2020","Mon Dec 14 00:15:00 CST 2020","0","","test_calc2","TestCalc2","","","test_div2[minus]",""
"passed","Mon Dec 14 00:15:00 CST 2020","Mon Dec 14 00:15:00 CST 2020","1","","test_calc2","TestCalc2","","","test_add2[中文int]",""
"passed","Mon Dec 14 00:15:00 CST 2020","Mon Dec 14 00:15:00 CST 2020","0","","test_calc2","TestCalc2","","","test_div2[中文int]",""
"passed","Mon Dec 14 00:15:00 CST 2020","Mon Dec 14 00:15:00 CST 2020","0","","test_calc2","TestCalc2","","","test_mul2[中文int]",""
